mu0ListLP,EqnLx,ELx1,ELx2,EqnLy,ELy1,ELy2
1.0,-0.004759590394769562,-0.0037569149893028043,-0.01195380597665348,-3.3336384584613876,inf,inf
1.009999999999999,-0.014700090720490952,-0.015619214439070746,-0.07024624387696228,-3.3811110699746756,inf,inf
1.0199999999999978,-0.029296682230743373,-0.029705966718712756,-0.15285443946420804,-3.4423827430320832,inf,inf
1.0299999999999967,-0.04409654943056218,-0.044894394176890284,-0.1536961977999404,-3.506521537680774,inf,inf
1.0399999999999956,-0.05904998948288013,-0.06131867284079443,-0.13252456378619767,-3.573645492328261,inf,inf
1.0499999999999945,-0.07416004602408119,-0.07103244106755024,-0.17754997649629836,-3.644045555926225,inf,inf
1.0599999999999934,-0.0894300341581217,-0.08556521154160251,-0.2144040635072799,-3.7180580032446082,inf,inf
1.0699999999999923,-0.104863375709925,-0.10094400229645381,-0.19371513104993066,-3.7960736996654605,inf,inf
1.0799999999999912,-0.12046360351153318,-0.11306112595431843,-0.17281165023563008,-3.8785505955277855,inf,inf
1.08999999999999,-0.1362343662551928,-0.12604406402120483,-0.25761186682282133,-3.9660300145871807,inf,inf
1.099999999999989,-0.15217943361529881,-0.13744204222448658,-0.20947559967716708,-4.059158207392546,inf,inf
1.1099999999999879,-0.1683027016583578,-0.14141455123869415,-0.22861053989698268,-4.158715353716088,inf,inf
1.1199999999999868,-0.18460819855540436,-0.15531107189587945,-0.253261952630211,-4.265655334305848,inf,inf
1.1299999999999857,-0.20110009062436798,-0.1644635478692553,-0.27974809778067516,-4.3811614583823815,inf,inf
1.1399999999999846,-0.21778268871927073,-0.17518777328886634,-0.2956974248563903,-4.506726503625324,inf,inf
1.1499999999999835,-0.23466045499434143,-0.1727166298210284,-0.3180108624381269,-4.64427102423405,inf,inf
1.1599999999999824,-0.2517380100684983,-0.21300264137889294,-0.33914796018579324,-4.796324226533112,inf,inf
1.1699999999999813,-0.2690201406180127,-0.21296850282269666,-0.36077333817709045,-4.966311866490505,inf,inf
1.1799999999999802,-0.2865118074309357,-0.22944775144138282,-0.39007221658675306,-5.159037483662958,inf,inf
1.189999999999979,-0.30421815395434326,-0.24572827410699705,-0.40915549751781577,-5.381537297633964,inf,inf
1.199999999999978,-0.322144515375383,-0.25940506542987374,-0.43648594849702815,-5.644722066587645,inf,inf
1.2099999999999769,-0.34029642826859924,-0.2780247671255357,-0.4612457317981314,-5.966875735542825,inf,inf
1.2199999999999758,-0.35867964086252424,-0.2708474796505722,-0.4871119654835605,-6.382289269996541,inf,inf
1.2299999999999747,-0.37730012396887436,-0.2781128652384402,-0.513788925385157,-6.968004135233377,inf,inf
1.2399999999999736,-0.39616408262106995,-0.3051474845603372,-0.5377283514416445,-7.970263585794497,inf,inf
1.2499999999999725,-0.4152779684917484,-0.32424740481287084,-0.5574646504980334,-16.28771238082304,inf,inf
1.2599999999999714,-0.43464849313536275,-0.30495907756631696,-0.5912886504258728,-7.961246937862743,inf,inf
1.2699999999999703,-0.45428264214122926,-0.3077150565507308,-0.6112615976098488,-6.963495822273624,inf,inf
1.2799999999999692,-0.4741876902508395,-0.35022125664207737,-0.6418066193120007,-6.379283729382152,inf,inf
1.289999999999968,-0.4943712175506696,-0.3657880083109482,-0.6669325966724535,-5.964621580438707,inf,inf
1.299999999999967,-0.51484112679055,-0.3733339620958675,-0.6976962513195147,-5.642918742636428,inf,inf
1.3099999999999659,-0.5356056619720602,-0.39998331878200044,-0.7129711914255341,-5.380034527734401,inf,inf
1.3199999999999648,-0.5566734282761777,-0.33640829805538003,-1.0949357158939872,-5.157749395208516,inf,inf
1.3299999999999637,-0.5780534134771064,-0.4053925601126002,-0.7674347432920937,-4.965184789110415,inf,inf
1.3399999999999626,-0.5997550109662517,-0.4129580339283925,-0.8009852048137359,-4.795322379983729,inf,inf
1.3499999999999615,-0.6217880445295884,-0.4134146048707705,-0.8439606595679616,-4.643369362346489,inf,inf
1.3599999999999604,-0.6441627950490256,-0.4508375567462278,-0.8552768600207582,-4.5059068110049,inf,inf
1.3699999999999593,-0.6668900293128667,-0.47713026441013395,-0.8921431470510353,-4.380410073483555,inf,inf
1.3799999999999581,-0.6899810311225201,-0.5051737984554863,-0.9187399200416669,-4.264961748247711,inf,inf
1.389999999999957,-0.7134476349365045,-0.5175878071644028,-0.9302637895453802,-4.158071309520955,inf,inf
1.399999999999956,-0.7373022622869351,-0.5381000919414846,-0.9697660546654316,-4.058557099478376,inf,inf
1.4099999999999548,-0.7615579612792682,-0.5550224968557814,-1.0036816353548554,-3.9654664759186344,inf,inf
1.4199999999999537,-0.7862284494368359,-0.5530619806272709,-1.040073422251402,-3.8780202061934523,inf,inf
1.4299999999999526,-0.8113281603006228,-0.5975387579322036,-1.082948439137524,-3.7955727764058667,inf,inf
1.4399999999999515,-0.8368722941465834,-0.6573844208661894,-1.1011988940817836,-3.7175834443675853,inf,inf
1.4499999999999504,-0.8628768732701055,-0.6423548140116259,-1.1653226254559816,-3.643594724993452,inf,inf
1.4599999999999493,-0.8893588023435886,-0.6231827040413925,-1.1834605177552515,-3.57321612953482,inf,inf
1.4699999999999482,-0.9163359344329942,-0.6454631854476575,-1.2018925003874967,-3.506111690502626,inf,inf
1.4799999999999471,-0.9438271432822744,-0.6760769572144918,-1.2524035469719275,-3.4419902615472004,inf,inf
1.489999999999946,-0.9718524026430119,-0.7147660023699384,-1.2389859764995637,-3.3805978830236465,inf,inf
1.499999999999945,-1.0004328734456607,-0.7701462217655968,-1.2817917703687132,-3.321711706860244,inf,inf
1.5099999999999438,-1.0295909997892796,-0.7338231419380699,-1.3084464155213602,-3.2651351135041398,inf,inf
1.5199999999999427,-1.0593506148332354,-0.7428471576201668,-1.3591443212559533,-3.210693750817287,inf,inf
1.5299999999999416,-1.089737057835668,-0.801054599813359,-1.4008822748458958,-3.1582322936174436,inf,inf
1.5399999999999405,-1.1207773037935136,-0.8749682716052717,-1.4217171130846706,-3.107611772043624,inf,inf
1.5499999999999394,-1.1525001073400742,-0.8636932609973569,-1.4745441640369452,-3.0587073529783573,inf,inf
1.5599999999999383,-1.1849361628039161,-0.6162191695036201,-1.8852383903320307,-3.0114064853476448,inf,inf
1.5699999999999372,-1.2181182827023385,-0.9279781401154136,-1.532184837404219,-2.9656073399502274,inf,inf
1.5799999999999361,-1.2520815972401873,-0.8833238767147904,-1.5868847794243897,-2.921217489413506,inf,inf
1.589999999999935,-1.2868637778472902,-0.6527308713034808,-2.0040268072829726,-2.878152785247731,inf,inf
1.599999999999934,-1.3225052883483608,-1.0022166011434805,-1.6601552361020755,-2.836336397705114,inf,inf
1.6099999999999328,-1.3590496679851254,-0.9988041213850608,-1.6602075188279377,-2.79569799091602,inf,inf
1.6199999999999317,-1.396543851144018,-1.0824296534711964,-1.7684129833580366,-2.7561730110561675,inf,inf
1.6299999999999306,-1.4350385298365502,-1.1070805287586407,-1.757675590516719,-2.7177020694531757,inf,inf
1.6399999999999295,-1.474588565817937,-1.1419873314563125,-1.8231576408674317,-2.6802304058316344,inf,inf
1.6499999999999284,-1.515253460854582,-1.2103017640840847,-1.8390410985878665,-2.643707419519726,inf,inf
1.6599999999999273,-1.5570978951685701,-1.2013188522555438,-1.8781509852899743,-2.6080862585459617,inf,inf
1.6699999999999262,-1.6001923463424874,-0.6941157015155391,-2.4300176864937484,-2.573323458253923,inf,inf
1.679999999999925,-1.6446138035633788,-1.3365823472458886,-1.9392524655405603,-2.5393786224423165,inf,inf
1.689999999999924,-1.6904465953412537,-1.381846031169844,-1.9640850404986412,-2.506214141163251,inf,inf
1.699999999999923,-1.7377833530757512,-1.4520283673686372,-2.0083074554629476,-2.4737949402348565,inf,inf
1.7099999999999218,-1.7867261381422688,-0.8536392412192425,-2.7820577456600257,-2.4420882582851253,inf,inf
1.7199999999999207,-1.8373877669781284,-0.8283097223914935,-2.7323279302671395,-2.4110634477738015,inf,inf
1.7299999999999196,-1.8898933773746713,-1.6271319873966532,-2.100138107839097,-2.3806917969628563,inf,inf
1.7399999999999185,-1.9443822907579653,-0.7831997909574094,-2.9745524233259397,-2.3509463702434643,inf,inf
1.7499999999999174,-2.0010102401575764,-0.8298828476989356,-2.86503920271868,-2.321801864594018,inf,inf
1.7599999999999163,-2.059952053530645,-1.9584825336641343,-2.236140956245501,-2.29323448025227,inf,inf
1.7699999999999152,-2.1214049090620213,-1.972044397580572,-2.276786132071861,-2.2652218039453156,inf,inf
1.779999999999914,-2.185592315049313,-0.8718170334935125,-2.915971348823748,-2.23774270324198,inf,inf
1.789999999999913,-2.25276901716358,-2.1931067694160054,-2.4082575815933316,-2.2107772307800606,inf,inf
1.799999999999912,-2.3232271050603295,-0.9435081734883252,-3.318815942968153,-2.1843065372810866,inf,inf
1.8099999999999108,-2.39730368822615,-2.383809731825231,-2.598998380185747,-2.158312792402507,inf,inf
1.8199999999999097,-2.4753906512813284,-0.9940572282385964,-3.416300524991417,-2.1327791125948496,inf,inf
1.8299999999999086,-2.5579472037957904,-2.5542140979010717,-2.671444867983149,-2.1076894952328282,inf,inf
1.8399999999999075,-2.6455162437865485,-2.6552843462121745,-2.6602283314765276,-2.083028758376836,inf,inf
1.8499999999999064,-2.73874601620167,-2.789010144321155,-2.7295621052759635,-2.05878248559697,inf,inf
1.8599999999999053,-2.8384192655121305,-2.699449146988442,-2.7850087959661805,-2.0349369753574726,inf,inf
1.8699999999999042,-2.9454932269872396,-1.0030507170001652,-3.7577648550081877,-2.0114791945166175,inf,inf
1.879999999999903,-3.061155683641781,-2.946992891455778,-2.9237779853117125,-1.9883967355469145,inf,inf
1.889999999999902,-3.186905515489628,-0.9861072442111377,-3.686200122261759,-1.96567777712407,inf,inf
1.8999999999999009,-3.3246718228339103,-0.992861776832449,-4.103274904903855,-1.943311047771305,inf,inf
1.9099999999998998,-3.4769961612347218,-1.0030274133509733,-4.157859446565296,-1.9212857922791156,inf,inf
1.9199999999998987,-3.647322819489224,-1.0494237750135114,-4.245452274441535,-1.8995917406500453,inf,inf
1.9299999999998976,-3.840484477712044,-3.098111295046514,-3.033961422309385,-1.8782190793439963,inf,inf
1.9399999999998965,-4.063565960599302,inf,inf,-1.8571584246225652,inf,inf
1.9499999999998954,-4.3275656058603635,inf,inf,-1.8364007978111683,inf,inf
1.9599999999998943,-4.650942771817855,-1.077636754965626,-4.347062032328394,-1.8159376023157296,inf,inf
1.9699999999998932,-5.0683986286365,-1.318179773646941,-3.837397637871892,-1.7957606022466948,inf,inf
1.979999999999892,-5.658210039995849,-1.0992906605791353,-4.0297757113005215,-1.7758619025173166,inf,inf
1.989999999999891,-6.672855329094952,-1.1309286750231828,-3.915461938959728,-1.7562339302958956,inf,inf
1.9999999999998899,-12.287712384313105,inf,inf,-1.7368694177028718,inf,inf
2.0099999999998888,-6.615145603940118,inf,inf,-1.7177613856538863,inf,inf
2.0199999999998877,-5.629358062809286,inf,inf,-1.6989031287588807,inf,inf
2.0299999999998866,-5.049164333270235,inf,inf,-1.680288201195515,inf,inf
2.0399999999998855,-4.636517143757029,inf,inf,-1.6619104034823835,inf,inf
2.0499999999998844,-4.316025138042754,inf,inf,-1.643763770084163,inf,inf
2.0599999999998833,-4.053948919727372,-2.623226436126045,-3.0061122716551703,-1.6258425577866358,inf,inf
2.069999999999882,-3.8322413079543236,inf,inf,-1.6081412347849493,inf,inf
2.079999999999881,-3.6401100505503483,-3.1327461931731717,-2.9754174960597797,-1.5906544704332055,inf,inf
2.08999999999988,-3.470584813860711,-3.070725465653724,-2.906114335172197,-1.5733771256078775,inf,inf
2.099999999999879,-3.318901611977636,-2.968487283160612,-2.8270012838794,-1.556304243641452,inf,inf
2.1099999999998778,-3.1816598704848285,-2.8858031841052996,-2.924908255293183,-1.539431041786293,inf,inf
2.1199999999998766,-3.0563471765735097,-2.9385922268917333,-2.9331537915061494,-1.5227529031719298,inf,inf
2.1299999999998755,-2.9410546056920532,-3.083167722513045,-3.016295708378059,-1.506265369221956,inf,inf
2.1399999999998744,-2.834297689048734,-3.0399103022027294,-3.011864059430626,-1.489964132499355,inf,inf
2.1499999999998733,-2.7348992118397306,-2.8353298877127333,-2.9975991304374614,-1.4738450299515442,inf,inf
2.1599999999998722,-2.6419098649409705,-2.786157812056595,-3.16262129945455,-1.45790403652863,inf,inf
2.169999999999871,-2.5545529650982397,-2.738359361832898,-3.095241248568916,-1.442137259150405,inf,inf
2.17999999999987,-2.4721849815511616,-2.4950935138231234,-2.722133830619897,-1.4265409309994548,inf,inf
2.189999999999869,-2.394266738091959,-2.313359790621695,-2.799044988033698,-1.4111114061194647,inf,inf
2.199999999999868,-2.3203420025287294,-2.309783411397003,-2.8912939022167454,-1.3958451542993238,inf,inf
2.2099999999998667,-2.250021300559563,-2.2345805576542226,-2.6060453693048506,-1.3807387562250997,inf,inf
2.2199999999998656,-2.182969494714095,-2.047581069648677,-2.5060825172826533,-1.3657888988831939,inf,inf
2.2299999999998645,-2.1188961244523354,-1.4373504220394253,-3.0854193193781407,-1.3509923711992537,inf,inf
2.2399999999998634,-2.0575478016724653,-1.7848490213356936,-2.4494649687053625,-1.336346059898455,inf,inf
2.2499999999998623,-1.9987021584027942,-1.8091857703113372,-2.33559783530886,-1.3218469455738142,inf,inf
2.2599999999998612,-1.9421629814171646,-1.7609771414653324,-2.3222100178350953,-1.307492098950121,inf,inf
2.26999999999986,-1.8877562647156516,-1.710570230375999,-2.1959247051503925,-1.2932786773319047,inf,inf
2.279999999999859,-1.83532697979194,-1.616022940046821,-2.22898286633394,-1.2792039212246795,inf,inf
2.289999999999858,-1.7847364126061231,-1.471519505156221,-2.140254608996705,-1.2652651511194173,inf,inf
2.299999999999857,-1.735859951744125,-1.5022270074677755,-2.1036350310790906,-1.2514597644308774,inf,inf
2.3099999999998557,-1.6885852392287912,-1.3577430926080485,-2.043846466385191,-1.2377852325810381,inf,inf
2.3199999999998546,-1.6428106148473198,-1.3311114931306172,-1.9848182369907563,-1.2242390982194626,inf,inf
2.3299999999998535,-1.5984437997198935,-1.2642407688655128,-2.0016107950036517,-1.2108189725729452,inf,inf
2.3399999999998524,-1.55540077639986,-1.228937288183626,-1.9536763065031224,-1.1975225329173067,inf,inf
2.3499999999998513,-1.513604831211122,-1.1813011895823435,-1.907015349532232,-1.1843475201646223,inf,inf
2.35999999999985,-1.4729857314541288,-1.1989953666423874,-1.9573429766195174,-1.1712917365596345,inf,inf
2.369999999999849,-1.433479015324637,-1.0830246274518562,-1.8076910690926884,-1.1583530434794642,inf,inf
2.379999999999848,-1.3950253764911507,-1.08937500084364,-1.7971904963616088,-1.1455293593311147,inf,inf
2.389999999999847,-1.3575701285928379,-1.0110829087347364,-1.7288512982321123,-1.132818657541596,inf,inf
2.399999999999846,-1.3210627374431225,-1.0438622860412352,-1.7125956700552105,-1.1202189646358176,inf,inf
2.4099999999998447,-1.2854564111102615,-0.9468263207627468,-1.6726184748448014,-1.1077283583976973,inf,inf
2.4199999999998436,-1.250707739245839,-0.9105538898258989,-1.6245529355643145,-1.0953449661101793,inf,inf
2.4299999999998425,-1.216776374898568,-0.9683637941216217,-1.601515171550638,-1.0830669628701601,inf,inf
2.4399999999998414,-1.1836247529090238,-0.9242871344539213,-1.5650207970028516,-1.0708925699745069,inf,inf
2.4499999999998403,-1.1512178398929493,-0.8533295004650386,-1.497905255434244,-1.05882005337361,inf,inf
2.459999999999839,-1.1195229117222663,-0.8338246900567111,-1.4909972282970376,-1.0468477221891022,inf,inf
2.469999999999838,-1.0885093549623845,-0.8126482082819972,-1.4796745784948337,-1.0349739272925829,inf,inf
2.479999999999837,-1.0581484891061375,-0.799532725335874,-1.443793838045326,-1.023197059942345,inf,inf
2.489999999999836,-1.0284134072463063,-0.7169356495018981,-1.3979613215036417,-1.011515550475303,inf,inf
2.499999999999835,-0.9992788327576847,-0.7730015637265466,-1.3482661606149042,-0.9999278670514551,inf,inf
2.5099999999998337,-0.9707209902014534,-0.6699015331742982,-1.3491317492966968,-0.9884325144483584,inf,inf
2.5199999999998326,-0.9427174887759896,-0.6455289258159498,-1.2759783268129232,-0.977028032903263,inf,inf
2.5299999999998315,-0.9152472168046821,-0.6676795173251507,-1.2490439518786478,-0.9657129970006503,inf,inf
2.5399999999998304,-0.888290246157664,-0.6424736110277093,-1.2397928331060866,-0.9544860146030537,inf,inf
2.5499999999998293,-0.8618277453787431,-0.6470099114181922,-1.182179332997649,-0.9433457258231664,inf,inf
2.559999999999828,-0.835841900686319,-0.6002268897608519,-1.1713397824617189,-0.9322908020353295,inf,inf
2.569999999999827,-0.8103158439187007,-0.6118610861350938,-1.1200475046857439,-0.9213199449246063,inf,inf
2.579999999999826,-0.7852335867856515,-0.5564996558440422,-1.1027044302074365,-0.9104318855717408,inf,inf
2.589999999999825,-0.7605799607109341,-0.5387533680407869,-1.0528863877146577,-0.8996253835723884,inf,inf
2.599999999999824,-0.7363405617292914,-0.5229650167262794,-1.039216088736851,-0.8888992261890895,inf,inf
2.6099999999998227,-0.7125016999629109,-0.5177537274268227,-0.9992622831669593,-0.878252227534533,inf,inf
2.6199999999998216,-0.6890503531631146,-0.4910151547405547,-0.9365945569149656,-0.8676832277847403,inf,inf
2.6299999999998205,-0.6659741240217543,-0.4677413445385688,-0.9367085814124877,-0.8571910924208609,inf,inf
2.6399999999998194,-0.6432612007777747,-0.4949456032477106,-0.8930260199892395,-0.8467747114983337,inf,inf
2.6499999999998183,-0.6209003209415471,-0.4518376788566577,-0.8600131762341945,-0.8364329989422555,inf,inf
2.659999999999817,-0.5988807377364351,-0.4419266626527358,-0.8382117954975705,-0.8261648918678117,inf,inf
2.669999999999816,-0.5771921891016496,-0.4299760611965691,-0.829404735929537,-0.8159693499247306,inf,inf
2.679999999999815,-0.5558248689669787,-0.4216273353930849,-0.7811838963153209,-0.805845354664735,inf,inf
2.689999999999814,-0.5347694006239778,-0.391774672847644,-0.7544240837716714,-0.7957919089310334,inf,inf
2.6999999999998128,-0.5140168120332377,-0.3871536710016112,-0.7408828577733373,-0.785808036268938,inf,inf
2.7099999999998117,-0.49355851286210733,-0.36052600562731835,-0.7030043668514071,-0.775892780356735,inf,inf
2.7199999999998106,-0.4733862731257573,-0.36189797572674504,-0.6609846626836887,-0.7660452044559797,inf,inf
2.7299999999998095,-0.45349220333622325,-0.3270957169829666,-0.6507550486190434,-0.7562643908804284,inf,inf
2.7399999999998084,-0.4338687359363538,-0.33744004347573736,-0.6261065810887111,-0.7465494404828424,inf,inf
2.7499999999998073,-0.41450860805268663,-0.2958751474282256,-0.59110273718029,-0.7368994721589694,inf,inf
2.759999999999806,-0.39540484534773057,-0.28642285194981754,-0.568083031344954,-0.7273136223679907,inf,inf
2.769999999999805,-0.37655074692342927,-0.2882311420344832,-0.5363512863561861,-0.7177910446688072,inf,inf
2.779999999999804,-0.35793987121500837,-0.29441525119854534,-0.501711314741328,-0.7083309092715171,inf,inf
2.789999999999803,-0.33956602279119896,-0.24576591680970464,-0.48111682225713387,-0.6989324026035141,inf,inf
2.7999999999998018,-0.32142323996633276,-0.2500479838465496,-0.5032930391813133,-0.68959472688962,inf,inf
2.8099999999998007,-0.3035057831798426,-0.26105700178707375,-0.4373546758621989,-0.6803170997457235,inf,inf
2.8199999999997996,-0.28580812410622736,-0.2384680050029922,-0.4082044334585444,-0.6710987537853995,inf,inf
2.8299999999997985,-0.2683249354054982,-0.21503414344654714,-0.390342788292223,-0.6619389362390136,inf,inf
2.8399999999997974,-0.2510510811102579,-0.2201040630069946,-0.3648967512185144,-0.6528369085848458,inf,inf
2.8499999999997963,-0.23398160755308603,-0.2078643157190648,-0.34369107538881655,-0.6437919461917823,inf,inf
2.859999999999795,-0.21711173485436344,-0.20895945824409645,-0.3117943345443771,-0.6348033379731267,inf,inf
2.869999999999794,-0.2004368488724335,-0.16855417671785855,-0.2929110049427738,-0.6258703860511396,inf,inf
2.879999999999793,-0.18395249364113866,-0.172612526572678,-0.27469309771519,-0.6169924054318926,inf,inf
2.889999999999792,-0.16765436421641267,-0.16236773503909407,-0.2667706309118693,-0.6081687236900729,inf,inf
2.8999999999997907,-0.15153829992250237,-0.13816502504196682,-0.22222647940346116,-0.5993986806633628,inf,inf
2.9099999999997896,-0.13560027798716015,-0.13039308605381378,-0.20480227210960927,-0.5906816281560529,inf,inf
2.9199999999997885,-0.11983640750880718,-0.12037260289261766,-0.21390260509302664,-0.5820169296515612,inf,inf
2.9299999999997874,-0.10424292374980242,-0.10153819160626913,-0.16410953233136988,-0.5734039600335211,inf,inf
2.9399999999997863,-0.0888161827519247,-0.08599948385840463,-0.19024718688660755,-0.5648421053151663,inf,inf
2.9499999999997852,-0.07355265620961333,-0.07390444922226021,-0.13470588424058474,-0.5563307623766792,inf,inf
2.959999999999784,-0.05844892665344021,-0.05850985756136088,-0.1284562819332909,-0.5478693387124589,inf,inf
2.969999999999783,-0.043501685510819114,-0.043886188881869785,-0.14702422759995884,-0.5394572531277938,inf,inf
2.979999999999782,-0.028708777728188743,-0.02953807134303686,-0.12178751491018165,-0.5310943069975033,inf,inf
2.989999999999781,-0.014436107395879335,-0.014845491365128166,-0.07579964966464779,-0.5229111893935674,inf,inf
2.9999999999997797,-0.0748903065732662,-0.00138726941740167,-0.007647688240976959,-0.5409701330782939,inf,inf
3.0099999999997786,-0.321830811330389,-0.02789359742054696,-0.1133163159614518,-0.6182330333975314,inf,inf
3.0199999999997775,-0.48045193119421015,-0.0513804188845421,-0.1022791036151018,-0.6616772192945891,inf,inf
3.0299999999997764,-0.6157374484375648,-0.07516566249453126,-0.1228921487277578,-0.6952469170540041,inf,inf
3.0399999999997753,-0.7410373900520463,-0.09890998498253073,-0.14512099234310125,-0.7237257408395008,inf,inf
3.0499999999997742,-0.8616966580202061,-0.0904813087442267,-0.16185730128024892,-0.7489644750864091,inf,inf
3.059999999999773,0.5790493022764848,-0.11947629380981477,-0.2014590583638244,-0.2646160736652071,inf,inf
3.069999999999772,0.6173617247304495,-0.14190724928666906,-0.2638257504833141,-0.24473507586122864,inf,inf
3.079999999999771,0.6522545200770351,-0.18078816258698444,-0.3253564779326224,-0.22624099062362357,inf,inf
3.08999999999977,0.6843891879963538,-0.21506606772611356,-0.39232918790968846,-0.20887940055700707,inf,inf
3.0999999999997687,0.7142432522148431,-0.245697274234179,-0.44852748577983853,-0.1924651959088849,inf,inf
3.1099999999997676,0.7421742515113564,-0.28331411505065274,-0.5240038779288162,-0.17685872972262656,inf,inf
3.1199999999997665,0.7684577667080807,-0.34501568576576186,-0.5855800732914463,-0.1619515831187667,inf,inf
3.1299999999997654,0.7933112835859468,-0.3822177259261859,-0.6722328010024062,-0.14765759297907657,inf,inf
3.1399999999997643,0.8169098392613086,-0.4092048995342761,-0.7601528258719116,-0.13390694357191965,inf,inf
3.149999999999763,0.8393966588920937,-0.4789600308283261,-0.8759040292086163,-0.12064213299640232,inf,inf
3.159999999999762,0.8608906094101818,-0.5537626809425487,-0.9659310995251673,-0.10781513500564532,inf,inf
3.169999999999761,0.8814915594448098,-0.46002959947821775,-1.6005630755954614,-0.09538534987879657,inf,inf
3.17999999999976,0.9012843203932629,-0.6922728214202187,-1.2151503849685343,-0.0833180917870226,inf,inf
3.189999999999759,0.9203416010204306,-0.5553187799675554,-2.0707648469329363,-0.07158345040024702,inf,inf
3.1999999999997577,0.9387262606420995,-0.982442035947275,-1.501984511930059,-0.060155419461623456,inf,inf
3.2099999999997566,0.9564930535847167,-1.1635511181607694,-1.6582587834110112,-0.04901121960117688,inf,inf
3.2199999999997555,0.9736899981519563,-1.4355897496512173,-1.8175883266845414,-0.038130764972667645,inf,inf
3.2299999999997544,0.9903594640620517,-0.8536609970245767,-3.0095371341644523,-0.027496238066738714,inf,inf
3.2399999999997533,1.0065390457218404,-1.752786639700642,-2.4550420221075417,-0.017091747045055557,inf,inf
3.249999999999752,1.0222622705866597,-1.437397029337809,-2.185748835664142,-0.006903046833605294,inf,inf
3.259999999999751,1.0375591789436762,-1.0719152361367221,-2.266610606550912,0.0030826899456911834,inf,inf
3.26999999999975,1.052456802454528,-0.5804599777926096,-2.2176583247225765,0.012877062671232354,inf,inf
3.279999999999749,1.066979562131716,-0.7805761096271718,-1.540266990098866,0.022490601010205738,inf,inf
3.289999999999748,1.0811496016822064,-0.6974734907909846,-1.4076528878450627,0.03193289792740468,inf,inf
3.2999999999997467,1.094987068529223,-0.6010351222285817,-1.265364417514925,0.041212722177989936,inf,inf
3.3099999999997456,1.1085103521645567,-0.40175194536781084,-1.681664934262836,0.05033811402227397,inf,inf
3.3199999999997445,1.1217362874581647,-0.5374180517438254,-0.9677404430035694,0.05931646712162039,inf,inf
3.3299999999997434,1.1346803289788259,-0.4010527069050654,-0.8699264282125776,0.06815459897704387,inf,inf
3.3399999999997423,1.1473567012190162,-0.38131675181397834,-0.7480091308944886,0.07685881180961296,inf,inf
3.349999999999741,1.1597785286230267,-0.30307462066515045,-0.6774303316897939,0.08543494542070028,inf,inf
3.35999999999974,1.1719579486521343,-0.2621654299718845,-0.6077000518887936,0.09388842328601449,inf,inf
3.369999999999739,1.183906210476562,-0.2748508058060312,-0.5047389833184424,0.10222429291212339,inf,inf
3.379999999999738,1.1956337614677632,-0.23011061557347082,-0.4331962643513243,0.11044726130435319,inf,inf
3.389999999999737,1.2071503232696268,-0.2070034135645083,-0.35325786831703654,0.11856172625046267,inf,inf
3.3999999999997357,1.218464958931961,-0.16394177400436888,-0.2898519065362143,0.1265718040076144,inf,inf
3.4099999999997346,1.2295861323579491,-0.13714777990886032,-0.23580412272811546,0.13448135388516252,inf,inf
3.4199999999997335,1.240521761094473,-0.11057706228983441,-0.1858244165435255,0.14229400013799973,inf,inf
3.4299999999997324,1.2512792633600627,-0.0704437498281047,-0.14992358637061381,0.1500131515213136,inf,inf
3.4399999999997313,1.2618655764494053,-0.0337077557792297,-0.0938243505073607,0.15764200611864265,inf,inf
3.44999999999973,1.260385671389565,-0.005104682897367556,-0.014830264182454509,0.1587864199167003,inf,inf
3.459999999999729,1.2301372856609898,-0.08118330320147389,-0.14783507205419857,0.14459642151124563,inf,inf
3.469999999999728,1.2164907268647585,-0.15887105902416118,-0.26481546764336683,0.13933837056903306,inf,inf
3.479999999999727,1.2071692155834544,-0.2195126146706774,-0.6818079350891931,0.13639905451112125,inf,inf
3.4899999999997258,1.2001643513246727,-0.3874430318116879,-0.6743997824032777,0.1346970634503346,inf,inf
3.4999999999997247,1.1946764606158595,-0.5362464199348225,-0.9022288116369084,0.13380185523418137,inf,inf
3.5099999999997236,1.1902886150649212,-0.2718544595692053,-0.5441773568836982,0.13348898999431877,inf,inf
3.5199999999997225,1.417886534370046,-0.18328547966450057,-0.3437820757089543,0.2581350006468197,inf,inf
3.5299999999997214,1.4295049040571164,-0.13517986842636265,-0.22349188475284698,0.26643600651010296,inf,inf
3.5399999999997203,1.4405762838626281,-0.03566146256965769,-0.12827112111180572,0.2744347031014065,inf,inf
3.549999999999719,1.4384599293283071,-0.142440019292295,-0.2414126919510652,0.27503711183036006,inf,inf
3.559999999999718,1.4391099667586236,-0.10174348514682094,-0.2775212449194721,0.2771878405487963,inf,inf
3.569999999999717,1.4792762013613796,0.2332054648735784,-0.1790580601149673,0.30155077422294724,inf,inf
3.579999999999716,1.4963033374531494,0.38508781539944714,0.08587263590447762,0.3129480612141996,inf,inf
3.5899999999997148,1.512154669514484,0.5034080095834151,0.11587802979280037,0.3236991608376636,inf,inf
3.5999999999997137,1.5190604108147623,0.6021448832789367,0.19952421054595512,0.3293611002565248,inf,inf
3.6099999999997125,1.5316532823036528,0.6211523198609689,0.23550571133103712,0.33826839309445317,inf,inf
3.6199999999997114,1.020528941367724,0.6604814844429269,0.23727887395926403,0.07054231428262038,inf,inf
3.6299999999997103,1.5645638619662359,0.07264029074709313,-0.21883444408266262,0.36055050641617675,inf,inf
3.6399999999997092,1.3637141935521802,0.7208555640716887,0.2566134215432373,0.25012791103362,inf,inf
3.649999999999708,1.212698009837048,0.7771103152469845,0.29009343467151977,0.17232355556677492,inf,inf
3.659999999999707,1.5986921958190259,0.8464205274232524,0.3829284012352137,0.38528380069761947,inf,inf
3.669999999999706,1.1635710121273708,0.8884530013027974,0.42096318139111544,0.1511743247997681,inf,inf
3.679999999999705,0.9272038411044061,0.923366769297829,0.45342322991062467,0.03891585148527221,inf,inf
3.6899999999997037,0.025596620597518608,0.8920767617478023,0.4513108530014022,-1.741929726609481,inf,inf
3.6999999999997026,0.8112678691242574,0.9086688739811171,0.4824866640712561,-3.104619434826215,inf,inf
3.7099999999997015,-0.02047508335302531,0.9097702508772425,0.4827217643549856,-1.6898118228186143,inf,inf
3.7199999999997004,-4.271562632945537,0.8480038856984209,0.4531291395776493,-0.8756715741173123,inf,inf
3.7299999999996993,0.2908596453190759,0.8986557860739081,0.5055559009100407,-1.979363135256661,inf,inf
3.7399999999996982,1.7021100661909903,0.1398756612276894,-0.13227637132317127,0.4587863587211047,inf,inf
3.749999999999697,1.7140542144761133,0.8632068080693914,0.4504035155311128,0.4674333764903203,inf,inf
3.759999999999696,0.9529840897217478,0.8703544070392497,0.5041909606014681,-3.6442994562480533,inf,inf
3.769999999999695,1.6516133481630966,0.8956239039218477,0.5542786288951371,0.43392668187543787,inf,inf
3.779999999999694,1.1857044613579721,0.8647560277883636,0.5456186144935913,-9.164372593858696,inf,inf
3.7899999999996927,0.04403724393018933,0.8344298970050974,0.5223307877055601,-1.6864317800636448,inf,inf
3.7999999999996916,0.2488514966915099,0.8513787872476272,0.5207630368559574,-0.20588246264794302,inf,inf
3.8099999999996905,-1.3127613672396934,0.8279014355783452,0.5152096740639346,-1.0867971107477459,inf,inf
3.8199999999996894,1.6338540362330156,0.842092412031639,0.47436568629317705,0.43167115099618103,inf,inf
3.8299999999996883,-4.790727076074489,-0.2407432709804131,-1.1019629270082416,-0.7772581836113127,inf,inf
3.839999999999687,-3.4462690059785714,-0.062263233806080016,-0.12234318010620371,-0.854630813572453,inf,inf
3.849999999999686,-2.22866265205959,0.30613356858689045,-0.2312764214701757,-0.932077320547716,inf,inf
3.859999999999685,1.4377344360902495,0.7910403940189193,0.39673336262864595,-3.3467276660694587,inf,inf
3.869999999999684,1.849640540541699,0.7931743547508251,0.46197407832453535,0.5670273536498298,inf,inf
3.879999999999683,1.8467775293265125,0.7334630102671631,0.44871993436615404,0.5667483714190724,inf,inf
3.8899999999996817,0.3204435195865409,0.7281342138215045,0.4395139610394442,-0.15904095697552756,inf,inf
3.8999999999996806,1.6497094743002514,0.6813526110210338,0.4239308710187414,-2.3256505989240392,inf,inf
3.9099999999996795,1.7793751981674697,0.7104100257888851,0.4127645964418345,0.530705068602496,inf,inf
3.9199999999996784,1.6946223213947462,0.6006648435812741,0.41718381964274254,0.48250916388445597,inf,inf
3.9299999999996773,1.611667024670203,0.5486255591612766,0.37594680851910073,0.4366447418507759,inf,inf
3.939999999999676,-0.35760518627496496,0.5725937063204584,0.3527835831616196,-0.34729662517444443,inf,inf
3.949999999999675,1.8133706179217222,0.534328684390714,0.34279394938842206,-1.8048267469240151,inf,inf
3.959999999999674,0.9192494345944874,0.5480160526466188,0.30557810762026627,0.09318612627546217,inf,inf
3.969999999999673,-3.718371349333494,0.488624079945609,0.29262482581173804,-0.7947395611368021,inf,inf
3.979999999999672,1.5642854796364676,0.45136601643666646,0.281995008118535,-2.8121086465257927,inf,inf
3.9899999999996707,1.876856686017874,0.4317914670634142,0.27095694660784636,0.6008645022240298,inf,inf
